<?xml version="1.0" encoding="UTF-8"?>
<metadata xml:lang="en"><Esri><CreaDate>20170104</CreaDate><CreaTime>10212100</CreaTime><ArcGISFormat>1.0</ArcGISFormat><ArcGISstyle>FGDC CSDGM Metadata</ArcGISstyle><SyncOnce>TRUE</SyncOnce><DataProperties><lineage><Process ToolSource="c:\program files (x86)\arcgis\desktop10.2\ArcToolbox\Toolboxes\Data Management Tools.tbx\CalculateField" Date="20170103" Time="153824">CalculateField MASTER.SUBWAY_LINE_SDE_2263 RT_SYMBOL "N" VB #</Process></lineage></DataProperties></Esri></metadata>
